Feature,Coefficient
TESG分數,0.06877158121201518
市值_avg,-1.5838334220530381e-09
環境構面分數,-0.010288147836082966
公司治理構面分數,-0.04384875600956331
社會構面分數,-0.0713545754977187
