Feature,Importance
市值_avg,0.7992833999355078
環境構面分數,0.0655893783375689
公司治理構面分數,0.0576990898956785
社會構面分數,0.04372274284749733
TESG分數,0.033705388983747434
